task,temperature,ece_before,ece_after,nll_before,nll_after
queue,0.5626604557037354,0.13008222771914665,0.05080620693332407,2.0465228511345437,1.8823953101757478
priority,0.8458678126335144,0.009475768261487766,0.021577343368815952,1.1729381836466222,1.169160480127996
type,0.6748886108398438,0.057715827121442756,0.06381223311194174,0.5675562516757757,0.5285289100514747
