coverage,auto_rows,manual_rows,auto_exact_match,auto_queue_macro_f1,auto_queue_acc,auto_priority_acc,auto_type_acc,auto_score,oracle_queue_macro_f1,oracle_queue_acc,oracle_priority_acc,oracle_type_acc,oracle_score
0.5,3088,3089,0.1463730569948186,0.5565057948516435,0.4627590673575129,0.405440414507772,0.8280440414507773,0.5745767247899328,0.7283252570431493,0.7314230208839242,0.7027683341427877,0.9140359397765906,0.7523483210181112
0.6,3706,2471,0.1422018348623853,0.5539771550656265,0.4360496492174852,0.412574203993524,0.8200215866162979,0.5726733771374117,0.6941298065213044,0.6616480492148292,0.6475635421725757,0.892018779342723,0.7168282127922079
0.7,4324,1853,0.1364477335800185,0.5502871162541934,0.4169750231267345,0.4111933395004625,0.8043478260869565,0.5675321562160482,0.6602677901188317,0.5918730775457341,0.5878258054071556,0.8630403108305003,0.6798173705188305
0.8,4942,1235,0.1307163091865641,0.5426864537971126,0.3998381222177256,0.4131930392553622,0.7834884662080129,0.559382743477485,0.6233917577305379,0.5198316334790352,0.5305164319248826,0.826776752468836,0.6399682080704343
0.9,5559,618,0.1248425975894945,0.5344013600348844,0.3833423277567908,0.4232775679078971,0.7654254362295377,0.5523864026450342,0.5859050061046223,0.4450380443581026,0.4809778209486806,0.7888942852517403,0.6006143202032986
0.95,5868,309,0.1204839809134287,0.5296321582746925,0.3735514655760054,0.4233128834355828,0.7527266530334015,0.5471484412626323,0.560662500916185,0.4048891047434029,0.4521612433220009,0.7650963250768982,0.5750523859011643
1.0,6177,0,0.1168852193621499,0.513752479591345,0.3632831471588149,0.4225352112676056,0.7403270195887971,0.5340560703424019,0.513752479591345,0.3632831471588149,0.4225352112676056,0.7403270195887971,0.5340560703424019
