epoch,train_loss,val_loss,queue_acc,queue_macro_f1,priority_acc,type_acc,score
1,2.2919603107680735,1.7326746528939263,0.344559585492228,0.5005048424080544,0.41515544041450775,0.7490284974093264,0.5249809803592131
