{
  "queue": 0.5626604557037354,
  "priority": 0.8458678126335144,
  "type": 0.6748886108398438
}