epoch,train_loss,val_loss,queue_acc,queue_macro_f1
1,2.412645878694543,2.198724371781621,0.31039507772020725,0.03864572807022642
