task,temperature,ece_before,ece_after,nll_before,nll_after
queue,0.8772542476654053,0.03932444970099343,0.025517489942070575,1.4616642451143707,1.451066022714794
priority,0.7515218257904053,0.033271592795617214,0.032509921943778504,1.0530477287543285,1.042617918661244
type,0.7703396081924438,0.027365120682730285,0.0265967480915507,0.3610771508471179,0.3501442496724137
