coverage,auto_rows,manual_rows,auto_exact_match,auto_queue_macro_f1,auto_queue_acc,auto_priority_acc,auto_type_acc,auto_score,oracle_queue_macro_f1,oracle_queue_acc,oracle_priority_acc,oracle_type_acc,oracle_score
0.5,3088,3089,0.3173575129533679,0.7337162672655198,0.6674222797927462,0.5181347150259067,0.8060233160621761,0.7122250917490761,0.871889653578786,0.8337380605471912,0.7591063623118018,0.9030273595596569,0.859642815785869
0.6,3706,2471,0.2892606583917971,0.7252433068137711,0.6243928764166217,0.5091743119266054,0.7903399892066919,0.7025974599396344,0.8414764423482796,0.7746478873239436,0.7055204791970212,0.8742107819329772,0.8259931988132954
0.7,4324,1853,0.2666512488436632,0.7134247975970663,0.5871877890841813,0.5025439407955596,0.788159111933395,0.6930028162272897,0.8070612993136733,0.7110247693054881,0.6517727051966974,0.8517079488424801,0.7904650076254479
0.8,4942,1235,0.2482800485633347,0.7038616568849059,0.5542290570619183,0.4975718332658843,0.7980574666127074,0.6870475548012228,0.7737217928615302,0.643354379148454,0.5980249311963737,0.8384328962279424,0.7570739291167186
0.9,5559,618,0.2354740061162079,0.6964132787462876,0.5259938837920489,0.4961323979132938,0.8071595610721353,0.6829830889702155,0.7406404359969752,0.5734175165938158,0.5465436295936539,0.8264529706977497,0.724397795241593
0.95,5868,309,0.2275051124744376,0.686987685940606,0.5112474437627812,0.4921608725289706,0.8125426039536469,0.6765969016308168,0.7145978946320398,0.5356969402622632,0.5175651610814311,0.8219200259025417,0.7011413042900236
1.0,6177,0,0.2211429496519346,0.6654390547162498,0.4970050186174518,0.4900437105390966,0.8170632993362473,0.6618733897826763,0.6654390547162498,0.4970050186174518,0.4900437105390966,0.8170632993362473,0.6618733897826763
