epoch,train_loss,val_loss,queue_acc,queue_macro_f1,priority_acc,type_acc,score
1,1.976947840131988,1.449845963191492,0.4375,0.4982438832966457,0.46259715025906734,0.8018134715025906,0.5384323115719006
2,1.3825676822739512,1.2679598927497864,0.4889896373056995,0.6507788903191182,0.48267487046632124,0.820919689119171,0.6510844071612065
3,1.2877774720824653,1.2352836675594507,0.49676165803108807,0.677275109654825,0.4885038860103627,0.8256152849740933,0.6712104524060459
