{
  "queue": 0.8772542476654053,
  "priority": 0.7515218257904053,
  "type": 0.7703396081924438
}