task,temperature,ece_before,ece_after,nll_before,nll_after
queue,0.9094300866127014,0.037350382874213134,0.023122924380004406,1.3030554152621205,1.298318348778556
priority,0.8856543898582458,0.019491251538763386,0.029789410729366556,0.9351369995026513,0.9326681374885104
type,0.8950912952423096,0.012660977392037628,0.012582139551176316,0.317233235132734,0.3157829503292484
