coverage,auto_rows,manual_rows,auto_exact_match,auto_queue_macro_f1,auto_queue_acc,auto_priority_acc,auto_type_acc,auto_score,oracle_queue_macro_f1,oracle_queue_acc,oracle_priority_acc,oracle_type_acc,oracle_score
0.5,3088,3089,0.4345854922279792,0.8140945168833478,0.7428756476683938,0.614961139896373,0.8711139896373057,0.7927774312483952,0.9060924211830184,0.8714586368787437,0.8075117370892019,0.9355674275538288,0.8957265695245673
0.6,3706,2471,0.3944954128440367,0.8031123379754169,0.6902320561252023,0.5971397733405289,0.8532110091743119,0.779731253960018,0.8834661225287335,0.8141492633964708,0.7582969078840861,0.9119313582645298,0.8689605256924058
0.7,4324,1853,0.3600832562442183,0.7944081472507855,0.6440795559666975,0.580018501387604,0.8450508788159112,0.7698461101060771,0.8611904377636457,0.7508499271491015,0.7060061518536507,0.8915331066860935,0.8424641952155136
0.8,4942,1235,0.3314447592067989,0.7850162626382099,0.6025900445163901,0.5651558073654391,0.8375151760420882,0.759912031357876,0.8329389892168325,0.6820463007932653,0.6520964869677837,0.8700016189088554,0.8113720083332786
0.9,5559,618,0.3090483899982011,0.7793642969556743,0.5697067817952869,0.5495592732505846,0.8395394855189783,0.7539198216844065,0.8059345625590191,0.6127570017807997,0.5946252225999676,0.8555933300955156,0.7816869766956358
0.95,5868,309,0.3002726653033401,0.7763621377177466,0.5569188820722563,0.5441376959781867,0.8421949556918882,0.7514033941529339,0.7897791140438655,0.5790836975878259,0.56694188117209,0.8500890399870488,0.7654000180045766
1.0,6177,0,0.2901084668933139,0.7674713798152576,0.5424963574550753,0.5390966488586693,0.8434515136797798,0.7446121902514476,0.7674713798152576,0.5424963574550753,0.5390966488586693,0.8434515136797798,0.7446121902514476
