epoch,train_loss,val_loss,queue_acc,queue_macro_f1,priority_acc,type_acc,score
1,1.7495460162439527,1.238051361563601,0.49255181347150256,0.6610344312742961,0.5129533678756477,0.8341968911917098,0.6647966407521108
2,1.1595647579521273,1.1293425859178903,0.5340025906735751,0.7444190452979801,0.530440414507772,0.8416450777202072,0.7269061555427829
3,1.0645103412228765,1.0999942989199583,0.5463082901554405,0.7597983865522034,0.5446891191709845,0.8440738341968912,0.7401733135917237
