{
  "queue": 0.9094300866127014,
  "priority": 0.8856543898582458,
  "type": 0.8950912952423096
}